{
"lengthUnit": "mil",
"components": {
	"fields": ["COMPONENT_NO", "COMPONENT_NAME", "LAYER", "X_COORDINATE", "Y_COORDINATE", "ANGLE"],
	"rows": [
		[1, "C1", "T", 775, -755, 270],
		[2, "C2", "T", 1200, -750, 270],
		[3, "J1", "T", 531, 0, 90],
		[4, "J2", "T", 1615, 0, 90],
		[5, "SW1", "T", 1425, -905, 0],
		[6, "U1", "T", 985, -805, 90]
	]
},
"pins": {
	"fields": ["PIN_NO", "PIN_NAME", "PIN_X", "PIN_Y", "LAYER", "PIN_TYPE", "NET_NAME", "NET_TYPE", "PAD_SHAPE", "PAD_SIZEX", "PAD_SIZEY", "HOLE_SIZE", "PAD_ANGLE"],
	"rows": [
		[1, "C1_1", 775, -688.61, "T", "SMD", "+5V", "", "R", 69.19, 51.02, 0, 90],
		[2, "C1_2", 775, -821.39, "T", "SMD", "GND", "GND", "R", 69.19, 51.02, 0, 90],
		[3, "C2_1", 1200, -687.3, "T", "SMD", "GND", "GND", "R", 58.47, 68.03, 0, 270],
		[4, "C2_2", 1200, -812.7, "T", "SMD", "+3V3", "", "R", 58.47, 68.03, 0, 270],
		[5, "J1_1", 641.24, 625.2, "T", "SMD", "$1N1887", "", "R", 23.62, 66.93, 0, 90],
		[6, "J1_2", 641.24, 575.2, "T", "SMD", "$1N1878", "", "R", 23.62, 66.93, 0, 90],
		[7, "J1_3", 641.24, 525.2, "T", "SMD", "$1N1882", "", "R", 23.62, 66.93, 0, 90],
		[8, "J1_4", 641.24, 475.2, "T", "SMD", "$1N1891", "", "R", 23.62, 66.93, 0, 90],
		[9, "J1_5", 641.24, 425.2, "T", "SMD", "$1N1896", "", "R", 23.62, 66.93, 0, 90],
		[10, "J1_6", 641.24, 375.2, "T", "SMD", "$1N1901", "", "R", 23.62, 66.93, 0, 90],
		[11, "J1_7", 641.24, 325.2, "T", "SMD", "$1N1660", "", "R", 23.62, 66.93, 0, 90],
		[12, "J1_8", 641.24, 75.19, "T", "SMD", "$1N653", "", "R", 23.62, 66.93, 0, 90],
		[13, "J1_9", 641.24, 25.19, "T", "SMD", "$1N653", "", "R", 23.62, 66.93, 0, 90],
		[14, "J1_10", 641.24, -24.81, "T", "SMD", "$1N653", "", "R", 23.62, 66.93, 0, 90],
		[15, "J1_11", 641.24, -74.81, "T", "SMD", "GND", "GND", "R", 23.62, 66.93, 0, 90],
		[16, "J1_12", 641.24, -124.81, "T", "SMD", "GND", "GND", "R", 23.62, 66.93, 0, 90],
		[17, "J1_13", 641.24, -174.81, "T", "SMD", "GND", "GND", "R", 23.62, 66.93, 0, 90],
		[18, "J1_14", 641.24, -224.81, "T", "SMD", "+5V", "", "R", 23.62, 66.93, 0, 90],
		[19, "J1_15", 641.24, -274.81, "T", "SMD", "+5V", "", "R", 23.62, 66.93, 0, 90],
		[20, "J1_16", 641.24, -324.8, "T", "SMD", "+5V", "", "R", 23.62, 66.93, 0, 90],
		[21, "J1_17", 641.24, -374.8, "T", "SMD", "GND", "GND", "R", 23.62, 66.93, 0, 90],
		[22, "J1_18", 641.24, -424.8, "T", "SMD", "GND", "GND", "R", 23.62, 66.93, 0, 90],
		[23, "J1_19", 641.23, -474.8, "T", "SMD", "GND", "GND", "R", 23.62, 66.93, 0, 90],
		[24, "J1_20", 641.23, -524.8, "T", "SMD", "+12V", "", "R", 23.62, 66.93, 0, 90],
		[25, "J1_21", 641.23, -574.8, "T", "SMD", "+12V", "", "R", 23.62, 66.93, 0, 90],
		[26, "J1_22", 641.23, -624.8, "T", "SMD", "+12V", "", "R", 23.62, 66.93, 0, 90],
		[27, "J1_23", 420.76, -956.69, "T", "SMD", "GND", "GND", "R", 78.74, 78.74, 0, 90],
		[28, "J1_24", 420.77, 956.69, "T", "SMD", "GND", "GND", "R", 78.74, 78.74, 0, 90],
		[29, "J2_1", 1570.9, 625, "T", "SMD", "$1N1887", "", "R", 35.43, 94.49, 0, 90],
		[30, "J2_2", 1570.9, 575, "T", "SMD", "$1N1878", "", "R", 35.43, 94.49, 0, 90],
		[31, "J2_3", 1570.9, 525, "T", "SMD", "$1N1882", "", "R", 35.43, 94.49, 0, 90],
		[32, "J2_4", 1570.9, 475, "T", "SMD", "$1N1891", "", "R", 35.43, 94.49, 0, 90],
		[33, "J2_5", 1570.9, 425, "T", "SMD", "$1N1896", "", "R", 35.43, 94.49, 0, 90],
		[34, "J2_6", 1570.9, 375, "T", "SMD", "$1N1901", "", "R", 35.43, 94.49, 0, 90],
		[35, "J2_7", 1570.91, 324.8, "T", "SMD", "$1N1660", "", "R", 35.43, 94.49, 0, 90],
		[36, "J2_8", 1570.9, 75, "T", "SMD", "$1N727", "", "R", 35.43, 94.49, 0, 90],
		[37, "J2_9", 1570.9, 25.01, "T", "SMD", "$1N727", "", "R", 35.43, 94.49, 0, 90],
		[38, "J2_10", 1570.9, -24.99, "T", "SMD", "$1N727", "", "R", 35.43, 94.49, 0, 90],
		[39, "J2_11", 1590.59, -75, "T", "SMD", "GND", "GND", "R", 35.43, 94.49, 0, 90],
		[40, "J2_12", 1570.9, -125, "T", "SMD", "GND", "GND", "R", 35.43, 94.49, 0, 90],
		[41, "J2_13", 1570.9, -175, "T", "SMD", "GND", "GND", "R", 35.43, 94.49, 0, 90],
		[42, "J2_14", 1570.9, -225, "T", "SMD", "+5V", "", "R", 35.43, 94.49, 0, 90],
		[43, "J2_15", 1570.9, -275, "T", "SMD", "+5V", "", "R", 35.43, 94.49, 0, 90],
		[44, "J2_16", 1570.9, -325, "T", "SMD", "+5V", "", "R", 35.43, 94.49, 0, 90],
		[45, "J2_17", 1570.9, -375, "T", "SMD", "GND", "GND", "R", 35.43, 94.49, 0, 90],
		[46, "J2_18", 1570.9, -425, "T", "SMD", "GND", "GND", "R", 35.43, 94.49, 0, 90],
		[47, "J2_19", 1590.59, -475, "T", "SMD", "GND", "GND", "R", 35.43, 94.49, 0, 90],
		[48, "J2_20", 1570.9, -525, "T", "SMD", "+12V", "", "R", 35.43, 94.49, 0, 90],
		[49, "J2_21", 1570.9, -575, "T", "SMD", "+12V", "", "R", 35.43, 94.49, 0, 90],
		[50, "J2_22", 1570.9, -625, "T", "SMD", "+12V", "", "R", 35.43, 94.49, 0, 90],
		[51, "J2_23", 1659.1, -736.62, "T", "DIP", "GND", "GND", "O", 62.99, 110.24, 81.89, 90],
		[52, "J2_23", 1659.1, -736.62, "B", "DIP", "GND", "GND", "O", 62.99, 110.24, 81.89, 90],
		[53, "J2_24", 1659.1, 736.62, "T", "DIP", "GND", "GND", "O", 62.99, 110.24, 81.89, 90],
		[54, "J2_24", 1659.1, 736.62, "B", "DIP", "GND", "GND", "O", 62.99, 110.24, 81.89, 90],
		[55, "SW1_0", 1275.39, -966.38, "T", "SMD", "SW1_0", "", "R", 39.37, 39.37, 0, 0],
		[56, "SW1_0", 1574.61, -966.38, "T", "SMD", "SW1_A_0", "", "R", 39.37, 39.37, 0, 0],
		[57, "SW1_0", 1275.39, -879.76, "T", "SMD", "SW1_B_0", "", "R", 39.37, 39.37, 0, 0],
		[58, "SW1_0", 1574.61, -879.76, "T", "SMD", "SW1_C_0", "", "R", 39.37, 39.37, 0, 0],
		[59, "SW1_1", 1336.42, -843.62, "T", "SMD", "$1N653", "", "R", 39.37, 55.12, 0, 0],
		[60, "SW1_2", 1454.53, -843.62, "T", "SMD", "$1N727", "", "R", 39.37, 55.12, 0, 0],
		[61, "SW1_3", 1513.58, -843.62, "T", "SMD", "+3V3", "", "R", 39.37, 55.12, 0, 0],
		[62, "U1_1", 1075.55, -688.07, "T", "SMD", "GND", "GND", "R", 98.42, 43.31, 0, 90],
		[63, "U1_2", 985, -688.07, "T", "SMD", "+3V3", "", "R", 98.42, 43.31, 0, 90],
		[64, "U1_3", 894.45, -688.07, "T", "SMD", "+5V", "", "R", 98.42, 43.31, 0, 90],
		[65, "U1_4", 985, -921.93, "T", "SMD", "+3V3", "", "R", 92.13, 141.73, 0, 90]
	]
}
}